char_id,cname,intro,image_url,birth,death,story,masterpieces
1,陈独秀,谱名庆同，官名乾生，字仲甫，笔名实庵、撒翁、只眼等。安徽怀宁人。,https://tse1-mm.cn.bing.net/th/id/R-C.943ae02afef815aa44dcea9ac6cf99e7?rik=Cveh3kUcChQXTA&riu=http%3a%2f%2fzqb.cyol.com%2fimages%2f1%2f20190508%2f1557253590908_1.jpg&ehk=WvTLNAvsiSYNt5SwNkUTBsPduM0jKTo0SiZivT%2bNgTI%3d&risl=&pid=ImgRaw,1879,1931,1901年首次赴日本，入东京专门学校学习，曾参加留日学生组织励志会。次年回国，在安庆宣传爱国、鼓吹革命。1904年创办《安徽俗话报》。1905年参与发起革命团体岳王会，任总会会长。1911年辛亥革命发生后，曾应邀担任安徽省都督府秘书长。1913年参加反袁的二次革命，失败后亡命日本。1915年9月起，创办并主编《新青年》杂志，发起五四新文化运动，倡导民主和科学。1917年，被聘为北京大学文科学长。次年冬，参与创办《每周评论》杂志。1919年，曾积极参加并指导五四爱国运动，为五四运动的精神领袖之一。1920年开始接受并宣传马克思主义。同年，在上海创建中国第一个共产主义小组，积极开展筹建中国共产党的活动。年底赴广州，任广东省教育委员会委员长。1921年7月中共一大召开时，被选为中央局书记。同年秋，离粤回沪，开始专任中共中央的领导工作。1922年和1923年，先后出席中共二大、共产国际四大、中共三大，参与制定党的民主革命纲领和革命统一战线的策略方针，促成了第一次国共合作的建立，当选为中共第二、三届中央执委会委员长。第一次大革命时期，曾任中共第四、五届中央委员会总书记，主持中共中央的工作，曾直接参与领导五卅运动、上海工人第三次武装起义等重大斗争。后期因右倾思想发展，犯有严重的投降主义错误。1927年7月大革命失败时被解除中共中央的领导职务，后隐居上海，为党报撰写文章。1929年，因与当时的中共中央产生分歧并接受托洛茨基派的观点，被中共中央开除出党。同年参与发起托派小组织无产者社，并担任主要负责人。1931年发起成立托派统一组织“中国共产党左翼反对派”，任中央总书记，从事反对中共中央的活动。次年被国民党政府逮捕入狱。1937年抗日战争爆发后获释，后在武汉、重庆等地投身抗日救亡运动。1939年后移居四川江津，主要从事著述和古文字研究。1942年5月27日病逝于江津鹤山坪。（来源：《中国近现代名人辞典》）,一生著作颇多，主要有作者自编出版的《独秀文存》和后人编辑出版的《陈独秀文章选编》、《陈独秀书信集》、《陈独秀诗选》等。
2,李达,湖南零陵人。号鹤鸣，字永锡。笔名有达、江春、胡炎、李特等。,https://tse1-mm.cn.bing.net/th/id/R-C.e074485f798afed97d950dbc689131cc?rik=2NC0XseqJmOWRA&riu=http%3a%2f%2fdangshi.people.com.cn%2fmediafile%2f200606%2f20%2fF2006062015372200621.jpg&ehk=p%2f4VXMuobX5P1NbfD4elG%2b82%2b4EuXOMpjd2WKe%2b0nMI%3d&risl=&pid=ImgRaw,1890,1966,早年入京师优级师范学堂。1913年赴日本留学。1920年回国后，参加上海共产主义小组，主编《共产党》月刊。1921年出席中国共产党第一次全国代表大会，被选为中共中央宣传主任。次年任湖南自修大学校长，主编《新时代》杂志。1923年因与陈独秀在国共合作问题上发生争执而脱党。北伐战争中任国民革命军总政治部编审委员会主席兼中央军事政治学校代理政治总教官，阐述唯物史观和科学社会主义基本原理。大革命失败后，长期在白区从事教学活动坚持宣传马克思主义。1949年12月由刘少奇介绍重新加入中国共产党。1950年后，历任湖南大学、武汉大学校长，中国科学院哲学社会科学学部委员，第一届中国哲学学会会长。当选为中国共产党第八次全国代表大会代表、政协全国委员会委员、全国人民代表大会常务委员会委员。1966年在武汉病逝。,著作有《<实践论>解说》、《<矛盾论>解说》，《社会学大纲》、《现代社会学》，主编《唯物辩证法大纲》等，并有多部译著。
3,王会悟,女。浙江嘉兴人。笔名会悟（1921年12月至1922年6月，见署于《妇女声》半月刊，发表有《组织工作部的我见》、《本年世界妇女运动概况》、《中国妇女运动的新趋向》、《我对于产儿限制的意见》等）。李达夫人。,https://tse1-mm.cn.bing.net/th/id/R-C.fc4c8815277a344ceb084ae072f2abc2?rik=8ANEDO%2bSkRliKQ&riu=http%3a%2f%2fdangshi.people.com.cn%2fNMediaFile%2f2016%2f0728%2fMAIN201607280826000189855103150.jpg&ehk=pOwl%2fkvf%2borkNiJChvsHnMlHor7GHGDAbT7JfEJOWr4%3d&risl=&pid=ImgRaw,1898,1993,中国共产党成立前，在上海中华妇女界联合会会长徐宗汉（黄兴夫人）处担任秘书。后与王剑虹负责办《妇女声》和上海平民女校。建议中共一大转移嘉兴南湖开会者之一。,null
4,李汉俊,原名书诗，又名人杰，湖北潜江人。,"https://bkimg.cdn.bcebos.com/pic/8c1001e93901213ff0ba4eda54e736d12f2e952e?x-bce-process=image/resize,m_lfit,w_332,limit_1/format,f_auto",1890,1927,1918年毕业于日本帝国大学。回国后，在上海从事翻译和撰写工作，宣传马克思主义，介绍俄国革命。1920年5月与陈独秀等发起组织马克思主义研究会，同年8月组建上海共产主义小组（即中国共产党上海发起组），曾一度代理共产主义小组书记职务。还主编《劳动界》周刊和《新青年》杂志。1921年出席中国共产党第一次全国代表大会。1922年春在武昌中华大学执教，任湖北工团联合会教育主任委员。1923年在党的第三次全国代表大会上当选为候补中央委员。后脱党。历任武昌高等师范学校教授、武昌中山大学负责人等。北伐军占领武汉后，先后任湖北政务委员会委员、湖北教育讨论会主席、国民党湖北省党部执行委员、湖北省政府委员兼教育厅厅长、湖北省党部青年部部长等职。1927年大革命失败后，在武汉被桂系军阀逮捕，同年12月17日遭杀害。,null
5,董必武,又名用威。湖北黄安人。,http://agzy.youth.cn/zt/2018qm/gmxl/201803/W020180404389450730981.jpg,1886,1975,1911年加入同盟会，同年参加武昌起义。1914年赴日本留学，并在日本加入中华革命党。1915年回国后，曾参加反袁斗争和护法斗争。1919年五四运动后开始接受马克思主义。1920年参与组织武汉共产主义小组和社会主义青年团武汉支部。1921年7月出席中共一大，成为中国共产党的创始人之一。同年8月任中共武汉地方委员会书记。1924年第一次国共合作建立后，负责筹建湖北国民党的组织。1926年出席国民党二大，当选为国民党中央候补执行委员。1927年初任国民党湖北省政府常委兼农工厅长。大革命失败后转入地下。同年12月赴苏联，入莫斯科中山大学特别班学习。1932年归国后进入江西中央革命根据地，曾任中共中央党校校长，中共中央党务委员会书记，中华苏维埃执行委员，最高法院院长，工农检察委员会代理主席等职。1934年10月参加红一方面军长征。抗日战争开始后，曾任陕甘宁边区政府代主席，中共中央长江局委员、南方局委员、统战委员会主任，中共代表团成员等，长期在国民党统治区从事统战工作，多次参与国共两党的谈判。1945年4月，代表中国解放区赴美国出席了旧金山联合国制宪大会。归国后作为中共代表出席了政协会议，参与国共和谈。1947年初和谈彻底破裂后率中共代表团飞返延安。1948年任中共中央华北局书记处书记，华北人民政府主席、财经委员会主任。新中国成立后，历任政务院副总理，最高人民法院院长，全国政协副主席，中华人民共和国副主席、代主席，全国人大副委员长，中共中央政治局委员、常委等职。1975年4月2日逝世于北京。,主要著作编为《董必武选集》
6,陈潭秋,原名澄，字云先。湖北黄冈人。,http://img.library.sh.cn/person/lhnih6bvgt6ejis2.jpg!300x300,1896,1943,1916年考入国立武昌高等师范学校。五四时期曾参加领导武汉地区的学生爱国运动。1920年参加发起组织武汉共产主义小组。1921年7月与董必武代表武汉小组出席中国共产党第一次全国代表大会。后在中共武汉区委负责组织工作。1923年到安源从事工人运动。1924年后，任中共武昌地委委员长、湖北区委组织部长。中国共产党第五次全国代表大会上当选为候补中央委员。大革命失败后，历任中共江西省委书记、江苏省委组织部长、顺直省委宣传部长、中央组织部秘书、满洲省委书记。1933年到中央革命根据地，任中共福建省委书记、中央工农民主政府中央执行委员兼粮食人民委员。中央红军主力长征后，留在根据地坚持斗争，任中共中央江西分局委员兼组织部长。1935年到苏联参加中共驻共产国际代表团工作。1939年回国，任中共中央驻新疆代表和八路军驻新疆办事处负责人。1942年9月17日被军阀盛世才逮捕。1943年9月27日在迪化（今乌鲁木齐）被秘密杀害。,null
7,包惠僧,湖北黄冈人，别名鲍一德、包生，号栖梧老人,"https://bkimg.cdn.bcebos.com/pic/962bd40735fae6cd91b767390fb30f2442a70f63?x-bce-process=image/resize,m_lfit,w_220,limit_1/format,f_auto",1894,1979,1917年，毕业于湖北省立第一师范，在武昌教书半年，后任《汉口新闻报》、《大汉报》、《公论日报》、《中西日报》等报记者。1919年，于北京大学文学系肄业，同年参加五四运动。1920年，参加武汉共产主义小组，在武昌组织共产党临时支部，任支部书记。1921年7月，受陈独秀委派与广州区代表陈公博一同出席了中国共产党第一次全国代表大会。,包惠僧生前撰写了许多回忆中国共产党建党初期和早期工人运动的史料。1983年5月人民出版社出版了《包惠僧回忆录》
8,刘伯垂,湖北鄂州市华容区段店镇人,"https://bkimg.cdn.bcebos.com/pic/0e2442a7d933c895d143c8a6bd5d64f082025bafaa92?x-bce-process=image/resize,m_lfit,w_268,limit_1/format,f_jpg",1887,1928,"早年留学日本,在日本参加同盟会,参加孙中山领导的革命活动.回国后在广东司法界任职.1920年在上海被陈独秀吸收为上海共产党发起组成员.不久受陈独秀委托,到武汉帮助筹建武汉共产党组织,成为武汉支部的重要发起人之一.1924年第一次国共合作期间,曾任国民党中央秘书处书记长.大革命失败后,脱离革命,参加了托洛茨基派组织的无产者社.1928年去世",null
9,李大钊,字守常，河北乐亭人,"https://gimg2.baidu.com/image_search/src=http%3A%2F%2Fphotocdn.sohu.com%2F20110428%2FImg306599526.jpg&refer=http%3A%2F%2Fphotocdn.sohu.com&app=2002&size=f9999,10000&q=a80&n=0&g=0n&fmt=jpeg?sec=1629103097&t=8ba36d5beb7199763f93d60a882331c1",1889,1927,"李大钊同志是中国最早的马克思主义传播者。1917年俄国十月革命胜利后，李大钊同志备受鼓舞，连续发表《法俄革命之比较观》《庶民的胜利》《布尔什维主义的胜利》《新纪元》等文章和演讲，热情讴歌十月革命。他敏锐认识到这场革命将对20世纪世界历史进程产生划时代的影响，从中看到民族独立和人民解放的希望，满怀信心地预言：“试看将来的环球，必是赤旗的世界！”在宣传十月革命过程中，他的思想认识迅速提高，从一个爱国的民主主义者转变为一个马克思主义者，进而成为我国最早的马克思主义传播者。1919年五四运动后，他更加致力于马克思主义的宣传，在《新青年》上发表《我的马克思主义观》，系统介绍马克思主义理论，在当时思想界产生重大影响，标志着马克思主义在中国进入比较系统的传播阶段。李大钊同志发表《再论问题与主义》等文章，通过批驳反马克思主义思潮，论证马克思主义符合中国需要的深刻道理。在北洋军阀反动统治的艰难环境中，李大钊同志推动了马克思主义在中国广泛传播，为中国共产党创建准备了思想条件。
李大钊同志是中国共产党的主要创始人之一。从1920年初开始，李大钊同志等革命家就商议在中国建立无产阶级政党的问题。1920年3月，李大钊同志在北京大学发起组织马克思学说研究会。同年秋，他领导建立北京的共产党早期组织和北京社会主义青年团，并积极推动建立全国范围的共产党组织。1921年3月，李大钊同志撰文号召全国的共产主义者“急急组织一个团体”，这个团体是“平民的劳动家的政党”，要担负起“中国彻底的大改革”的责任。1921年，中国共产党宣告成立，这是中国近现代史上开天辟地的大事件。李大钊同志为建党所作的重大贡献，使他成为中国共产党的主要创始人之一。",《史学思想史一卷》《李大钊散文》《新青年》《李大钊语萃》《李大钊法学文集》《向着新的理想社会》《艰难的国运与雄健的国民》《平民主义》《红色的品味》《新青年精粹》《真正的解放》等
10,王尽美,山东莒县北杏村（现属诸城县）人。原名瑞俊（1921年出席中共一大后改今名）,"https://bkimg.cdn.bcebos.com/pic/838ba61ea8d3fd1f2c5ed135304e251f95ca5f6d?x-bce-process=image/resize,m_lfit,w_268,limit_1/format,f_jpg",1898,1925,中国共产党的创始人之一。1920年和邓恩铭在济南组织马克思主义研究会，成立山东共产主义小组。次年两人一同出席中国共产党第一次全国代表大会。之后，建立中共山东区支部，任书记。1922年出席中共二大，和邓中夏一起负责中国劳动组合书记部工作，创办《山东劳动周刊》。旋赴山海关一带领导工运。1923年返山东负责党的工作，任山东地委书记。1924年参加国民党第一次全国代表大会，回鲁后又参加统战工作。1925年8月19日在青岛病逝。（来源：《中国近现代人物名号大辞典》）,null
11,邓恩铭,贵州荔波人。水族。原名恩明，字仲尧,"https://gimg2.baidu.com/image_search/src=http%3A%2F%2Fnimg.ws.126.net%2F%3Furl%3Dhttp%253A%252F%252Fdingyue.ws.126.net%252F2021%252F0508%252F217b0ff9j00qsrzkj001dc000hs00o9m.jpg%26thumbnail%3D650x2147483647%26quality%3D80%26type%3Djpg&refer=http%3A%2F%2Fnimg.ws.126.net&app=2002&size=f9999,10000&q=a80&n=0&g=0n&fmt=jpeg?sec=1629105363&t=e6f9660e037afff2af4faef0a6b598cb",1901,1931,在济南读中学时参加“五四”运动，和王尽美等组织励新学会，出版《励新》半月刊。嗣又一同组织山东共产主义小组，出席中国共产党第一次代表大会。后任中共青岛市委书记。1925年领导青岛日本纱厂工人大罢工。次年任山东省委书记。1928年在济南被捕，曾领导越狱斗争。1931年4月5日被害牺牲。,null
12,张国焘,又名特立，江西萍乡人,"https://gimg2.baidu.com/image_search/src=http%3A%2F%2Fdiscovery.cctv.com%2F20070112%2Fimages%2F1168563825827_zgt_r.jpg&refer=http%3A%2F%2Fdiscovery.cctv.com&app=2002&size=f9999,10000&q=a80&n=0&g=0n&fmt=jpeg?sec=1629105303&t=6b1f75a721b7662482eb31f3cd762159",1897,1979,"""五四""时期就读于北京大学.1920年参加北京共产主义小组,次年出席中共第一次代表大会,被选为组织主任.后又任中共驻共产国际代表.1931年回国后任鄂豫皖苏区中央分局书记兼军委书记,中央工农民主政府副主席.长征时任红军总政委.1938年背叛革命投靠国民党,后任国民党参政员参政,国民党六大执行委员.1948年赴台,后迁居香港,加拿大等地.",null
13,邓中夏,湖南宜章人。谱名隆渤，曾用名隆顺,"https://gimg2.baidu.com/image_search/src=http%3A%2F%2Fp6.itc.cn%2Fq_70%2Fimages03%2F20210509%2Fe0153544de9d4df2a3820b3e3b7b84d3.jpeg&refer=http%3A%2F%2Fp6.itc.cn&app=2002&size=f9999,10000&q=a80&n=0&g=0n&fmt=jpeg?sec=1629126665&t=100390d277a4303e9ad377bb621223b3",1890,1933,"少年时代曾就学于长沙湖南高等师范文史专修科，是著名的杨昌济教授（杨开慧父亲）的得意门生之一，正是在杨教授家里，邓中夏认识了年轻的主席，两人顿觉相见恨晚，经常一起游历山河，激扬文字，成为志同道合的挚友。1917年，邓中夏随父进京，考入北京大学国文门（文学系）。在北大任教的李大钊的引导和十月革命的鼓舞影响下，邓中夏开始研究马列主义，并积极投入当时的反帝爱国斗争，成为学校中的积极分子。1919年3月，邓中夏等发起组织旨在“增进平民知识，唤起平民之自觉心”的北京大学平民教育讲演团，带领讲演团的同志到街头演讲，使群众懂得了许多反帝反封建的道理。5月4日，邓中夏和北大同学一起，参加了具有历史意义的反帝爱国运动。5月6日，北京中等以上学校学生联合会成立，邓中夏被推为北京联合会总务干事。
5月中旬，北京学生联合会派邓中夏回湖南联络，向毛泽东、何叔衡等介绍了北京学生运动的情况，商量改组现在的湖南学生联合会，以便发动湖南学生响应北京的爱国运动。 [11] 
1920年3月，在李大钊的领导下，邓中夏、何孟雄、黄日葵、高尚德、罗章龙等秘密组织了马克思学说研究会。
1920年10月，邓中夏参加北京共产主义小组，是共产主义小组的最早成员之一。
1920年11月，北京社会主义青年团成立，邓中夏成为这个组织的成员。1921年中国共产党正式成立后，中国社会主义青年团临时中央局也在上海组成。根据临时中央局的要求，于同年12月建立了社会主义青年团北京地方执行委员会，邓中夏当选为书记。第二年，我党第一次代表大会时，本来代表北京去的是张国焘和邓中夏，但因为邓中夏临时有事，错过了这次开天辟地的机会，改由他的小师弟刘仁静出席。",《少年同学会改组委员会调查表》《省港罢工概观》《罢工与东征》《一九二六年之广州工潮》《廖仲恺先生哀思录》《邓中夏文集》《孤鸾曲》《京华英烈》《红色诗歌集》《邓中夏诗选摘》
14,匡互生,湖南宝庆（今邵阳）人。又名务逊、互孙，字仲九，学名日休，笔名互生,"https://gimg2.baidu.com/image_search/src=http%3A%2F%2F5b0988e595225.cdn.sohucs.com%2Fimages%2F20180503%2F6c6717987a8e4ab595c311a18055af63.jpeg&refer=http%3A%2F%2F5b0988e595225.cdn.sohucs.com&app=2002&size=f9999,10000&q=a80&n=0&g=0n&fmt=jpeg?sec=1629174727&t=8c1e632007fb167b8a670a6182a19706",1891,1933,辛亥革命，曾随从攻湖南巡抚衙门。后就读于北京高等师范数学系。1919年“五四”运动爆发，率先冲入东城曹汝霖宅，点火焚烧，揭开“五四”序幕，成为轰动全国的“火烧赵家楼”爱国运动事件。,《五四纪实》
15,刘仁静,湖北应山人。又名亦宇。,"https://img0.baidu.com/it/u=3538322785,3178769835&fm=26&fmt=auto&gp=0.jpg",1902,1987,20年加入北京共产主义小组。1921年7月，出席中国共产党第一次全国代表大会。1922年，主编社会主义青年团机关刊物《先驱》，同年，赴莫斯科参加少共国际第三次代表大会和共产国际第四次代表大会。1923年任团中央书记。1926年赴莫斯科学习，后因参加托派活动，被开除出党。曾任三青团宣传处科员，国民党第十战区战干四团教官等。建国后，在北京师范大学任教。后任人民出版社特约翻译、国务院参事。1987年8月5日逝世。,null
16,毛泽东,字润之（原作咏芝，后改润芝），笔名子任。湖南湘潭人,https://cn.bing.com/images/search?view=detailV2&ccid=PBBSkqig&id=7026B601C73F6DC3FD0DC98F8BB4EED068AEA9E9&thid=OIP.PBBSkqigHKnmVzq9HQqK0gHaI9&mediaurl=https%3A%2F%2Ftse1-mm.cn.bing.net%2Fth%2Fid%2FR-C.3c105292a8a01ca9e6573abd1d0a8ad2%3Frik%3D6amuaNDutIuPyQ%26riu%3Dhttp%253a%252f%252fstatic.nfapp.southcn.com%252fpic%252f201612%252f26%252f062eb110-7707-45c5-9490-50d42273404b.JPEG.2%26ehk%3DMVwlbjXAjZtxk3uXXe%252fzsudA1oEV1wfrjeNA6mCW9SM%253d%26risl%3D%26pid%3DImgRaw&exph=968&expw=800&q=%E6%AF%9B%E6%B3%BD%E4%B8%9C&simid=608040225319490669&FORM=IRPRST&ck=D4154BE6F23B58D0F8D24EC86534B137&selectedIndex=0&ajaxhist=0&ajaxserp=0,1893,1976,1918年4月，和蔡和森等组织进步团体新民学会。1919年五四运动前后，接受和宣传马克思主义，创办《湘江评论》，传播革命思想。1920年秋创建湖南共产主义组织。1921年7月出席中国共产党第一次全国代表大会。会后，任中共湘区委员会书记，领导长沙、株州、安源等地工人运动。1923年6月当选为中共三届中央委员，任中央局秘书、中央组织部部长。1924年国共合作后，被选为国民党候补中央执行委员，任国民党中央代理宣传部长，《政治周报》主编，第六届农民运动讲习所所长。1926年11月任中共中央农民运动委员会书记。1927年5月被选为中共五届候补中央委员，任中共湖南省委书记。大革命失败后，出席了中共中央八七会议，当选为临时中央政治局候补委员，提出了“政权是由枪杆子里取得”的武装夺取政权的思想。会后，任中共中央特派员回长沙，领导改组中共湖南省委，任中共前敌委员会书记，领导了9月9日的湘赣边界秋收起义。接着率部上井冈山，创立了全国第一个农村革命根据地。1928年4月，与朱德率领的南昌起义部队会师，合编为工农革命军（不久改称红军）第四军，任中共军委书记党代表。1929年与朱德率领红四军主力，开辟了赣南闽西革命根据地。同年12月，主持召开了古田会议。1930年1月，撰写了《星星之火，可以燎原》，提出了以农村包围城市，武装夺取城市和全国政权的中国革命道路的基本理论。同年，任红军第一方面军总政委。1931年11月当选为中华苏维埃共和国临时中央政府主席。1933年被补选为中共中央政治局委员。指挥了中央苏区第一、二、三次反围剿战役的胜利。1934年10月参加了长征。1935年1月遵义会议上，被选为中共中央政治局常委，确立了在红军和党中央的领导地位。会后，参加了三人军事指挥小组，领导红军胜利长征到达陕北，同年12月参加瓦窑堡会议，参与制定抗日民族统一战线策略。1936年与彭德怀等指挥了中国人民红军抗日先锋军东征战役和西征战役，巩固和扩大了陕甘宁革命根据地。同年12月，任中央革命军事委员会主席。与周恩来等促成西安事变的和平解决。抗日战争时期，任中共中央军委主席，领导八路军、新四军开展敌后游击战争，建立了19个地区的抗日根据地。1942年领导全党开展整风运动。1943年3月被选为中共中央政治局主席。1945年主持召开中共第七次全国代表大会，毛泽东思想被确定为中国共产党指导思想。从中共七届一中全会起，一直担任中共中央主席。同年8月与周恩来等赴重庆同国民党谈判。1947年3月，与周恩来等转战陕北，指挥全国解放战争，推翻了国民党政权，建立了中华人民共和国。1949年10月，当选为中央人民政府主席、中国人民革命军事委员会主席、全国政协主席。1954年当选为中华人民共和国主席兼国防委员会主席，领导了中国社会主义改造和社会主义建设事业。1958年轻率地发动“大跃进”和农村人民公社化运动。1966年错误地发动了“文化大革命”运动。1976年9月9日于北京逝世。他的主要著作收入《毛泽东选集》。（来源：《中国近现代名人辞典》）,《毛泽东选集》、《论人民民主专政》、《论联合政府》、《向导》、《天问》、《新青年》、《毛泽东诗词选》、《前锋》、《湘江评论》、《湖南农民运动考察报告》
17,杨开慧,字云锦，乳名霞?[9]??，湖南长沙板仓人（现长沙县开慧镇）,https://cn.bing.com/images/search?view=detailV2&ccid=D6N1Vj81&id=069464F10D9F3E4CEEB70750C9F5007A7794DBCA&thid=OIP.D6N1Vj810BhnD4M8Ev6ieAAAAA&mediaurl=https%3A%2F%2Ftse1-mm.cn.bing.net%2Fth%2Fid%2FR-C.0fa375563f35d018670f833c12fea278%3Frik%3DytuUd3oA9clQBw%26riu%3Dhttp%253a%252f%252fn1.itc.cn%252fimg8%252fwb%252frecom%252f2016%252f06%252f20%252f146643581527734279.JPEG%26ehk%3DWAuIYravGy1wgGNbQkZA8RRnDuUMUhSqeGkza3YQfLA%253d%26risl%3D%26pid%3DImgRaw&exph=350&expw=244&q=%E6%9D%A8%E5%BC%80%E6%85%A7&simid=607987092288724029&FORM=IRPRST&ck=AA10C4632DB21B4358C08911C4CF422A&selectedIndex=2&ajaxhist=0&ajaxserp=0,1901,1930,1921年加入中国共产党后，在中共湘区委员会担任机要和交通联络工作，协助毛泽东开展工人运动。1923年后，随毛泽东在上海、广州、武汉等地从事工人运动、农民运动和妇女运动。大革命失败后回长沙郊区坚持斗争。1930年10月被国民党逮捕，11月14日在长沙英勇就义。,null
18,蔡和森,原名蔡林彬。名龢仙，学名彬，字润寰，号泽膺。湖南湘乡人,https://cn.bing.com/images/search?view=detailV2&ccid=XyTj5zN9&id=E9F58F6A808E7F21DA9BC1153382E61E2FF525C2&thid=OIP.XyTj5zN9CAqlJOTfwXnAywAAAA&mediaurl=https%3A%2F%2Ftse1-mm.cn.bing.net%2Fth%2Fid%2FR-C.5f24e3e7337d080aa524e4dfc179c0cb%3Frik%3DwiX1Lx7mgjMVwQ%26riu%3Dhttp%253a%252f%252fphotocdn.sohu.com%252f20110705%252fImg312474552.jpg%26ehk%3DXx70SVSsZ%252by%252bZ%252fI5TryRRhO2uF9P5GZUZgGsH3GpE8s%253d%26risl%3D%26pid%3DImgRaw&exph=389&expw=300&q=%E8%94%A1%E5%92%8C%E6%A3%AE&simid=608001849786982423&FORM=IRPRST&ck=6CE7045DC5984AE978FC4EC37FA7C82D&selectedIndex=0&ajaxhist=0&ajaxserp=0,1895,1931,。1913年秋入湖南省立第一师范学习，1915年转入湖南高等师范学校。1918年在长沙参与发起组织新民学会。1920年1月赴法国勤工俭学，曾积极参加留法勤工俭学生的正义斗争。1921年11月回国后加入中国共产党。1922年出席中共二大，当选为中央执行委员，任《向导》周报主编。1925年参与领导五卅运动。同年10月赴莫斯科，担任中共驻共产国际代表团团长。1927年春回国后出席中共五大，当选为中共中央政治局委员，兼任中央宣传部长和代理中央秘书长，继续参与中共中央的领导工作。同年中共八七会议后赴天津，任中共中央特派员，指导北方局的工作。1928年再赴莫斯科出席中共六大，后复任中央政治局委员和中央宣传部长，但不久即因对中央的左倾错误不满，被撤销职务。同年底又赴莫斯科治病，兼任中共驻共产国际代表团成员。1930年回国再度参加中共中央的领导工作。中共六届三中全会后第四次赴莫斯科。1931年初回国后被派往香港，主持中共广东省委的工作。同年6月因叛徒出卖而被捕，旋被引渡到广州惨遭杀害。,《蔡和森文集》
19,杨昌济,湖南长沙人。字怀中，号华生，晚号板仓老人,https://cn.bing.com/images/search?view=detailV2&ccid=viijN%2B%2BD&id=30D63F6352A3F3623BEB7F83D847022E101A178E&thid=OIP.viijN--De52nE8riPW0E2wAAAA&mediaurl=https%3A%2F%2Fp1.ssl.qhmsg.com%2Fdr%2F270_500_%2Ft017c6c34967dcfe53e.jpg&exph=401&expw=270&q=%E6%9D%A8%E6%98%8C%E6%B5%8E&simid=608018814910492656&FORM=IRPRST&ck=4BDE05BA09F3FA7C4F16666D9EE5D3C9&selectedIndex=0&ajaxhist=0&ajaxserp=0,1871,1920,。曾先后赴日、英、德等国求学。1912年从德国回乡。先后任教于湖南省立一师、湖南高等师范、明德学校及湖南第一女师等校，1918年秋任北京大学哲学系教授。1920年1月17日，病逝于北京德国医院。,《公言?》、《大公报》、《时事新报·学灯》、《教育周报》、《新青年》、《杨昌济文集?》
20,何叔衡,湖南宁乡人。谱名启璿，学名瞻岵，字玉衡，号琥璜。,https://cn.bing.com/images/search?view=detailV2&ccid=jmktdHX1&id=95FAA753D6C9B58FD0F46F5DB32E9F05B21BA42E&thid=OIP.jmktdHX1r-aDr9vLmyydvgAAAA&mediaurl=https%3A%2F%2Ftse1-mm.cn.bing.net%2Fth%2Fid%2FR-C.8e692d7475f5afe683afdbcb9b2c9dbe%3Frik%3DLqQbsgWfLrNdbw%26riu%3Dhttp%253a%252f%252fimages1.wenming.cn%252fspecial%252fshuangbai%252f3472%252f201102%252fW020110224296049953093.jpg%26ehk%3DcM4HQGJnzGZyuoYWxZrUlg4gkf9yndfeETcjJfpIEYg%253d%26risl%3D%26pid%3DImgRaw&exph=567&expw=400&q=%E4%BD%95%E5%8F%94%E8%A1%A1&simid=607995183997915657&FORM=IRPRST&ck=688660831E015B668316F3FBA8ACA248&selectedIndex=2&ajaxhist=0&ajaxserp=0,1876,1935,清末秀才。1914年毕业于湖南省立第一师范学校。后到长沙楚怡学校任教。1918年4月与毛泽东、蔡和森等发起成立新民学会，后被选为执行委员长。五四运动后，参加领导驱逐张敬尧运动。1920年协助毛泽东创办文化书社和组织俄罗斯研究会。同年9月任湖南通俗教育馆馆长，主办《湖南通俗报》。1921年7月，与毛泽东代表长沙共产主义小组到上海出席中国共产党第一次全国代表大会。会后回湖南从事建党工作，任中共湘区委员会组织委员，并兼任湖南自修大学附设补习学校主事和湘江学校校长。1926年曾当选为国民党湖南省党部监察委员。大革命失败后，到上海任互济会书记。1928年去莫斯科中山大学学习。1930年7月回国后，在上海担任共产国际救济总会和全国互济会的主要负责人。1931年到江西中央革命根据地，历任中央工农民主政府中央执行委员、工农检查部部长、内务部代理部长、临时法庭主席。1934年中央红军主力长征后，留在根据地坚持斗争。1935年2月24日在福建上杭水口战斗中牺牲。,《宁邑何氏续修族谱三十三卷首四卷（湖南省长沙市宁乡县）》
21,向警予,湖南溆浦人。原名俊贤，笔名振宇,https://cn.bing.com/images/search?view=detailV2&ccid=Ci7wb6xn&id=B2B98315147B1C327326E40C7DA33B6F2D161F3D&thid=OIP.Ci7wb6xnQxGHe4VKvfC_mQHaJg&mediaurl=https%3A%2F%2Ftse1-mm.cn.bing.net%2Fth%2Fid%2FR-C.0a2ef06fac674311877b854abdf0bf99%3Frik%3DPR8WLW87o30M5A%26riu%3Dhttp%253a%252f%252fi1.qhimg.com%252fdr%252f270_500_%252ft01640340c2033f3556.png%26ehk%3DhBBTNk%252bXabZy2G0jVHtodMqACTO0dpK%252bM9xo7jsy%252b6g%253d%26risl%3D%26pid%3DImgRaw&exph=344&expw=268&q=%E5%90%91%E8%AD%A6%E4%BA%88&simid=608035539510302925&FORM=IRPRST&ck=A2D142BF9535E01589BBC0FDFE13F8DE&selectedIndex=1&ajaxhist=0&ajaxserp=0,1895,1928,1915年毕业于周南女校。后回溆浦任县立女校校长。1919年参加新民学会。同年底赴法国勤工俭学，并在法国同蔡和森结婚。1921年底回国。1922年加入中国共产党。同年任中共中央妇女部长，后又任中央妇女运动委员会书记，并主编《妇女周报》。1924年领导上海丝厂女工罢工和南洋烟厂工人罢工。1925年去苏联入东方大学学习。1927年初回国，先后在武汉总工会宣传部和中共汉口市委宣传部工作。七一五反革命政变后，留在武汉，负责中共湖北省委宣传部的工作，并主编《长江》刊物。中国共产党第二、第三次全国代表大会上当选为候补中央委员。1928年3月28日因叛徒出卖在武汉法租界被捕后，被“引渡”给武汉国民党当局。同年5月1日在汉口余记里空坪刑场就义。,向警予文集???女子解放与改造的商榷
22,章士钊,字行严，笔名黄中黄、青桐、秋桐 湖南省善化县,https://cn.bing.com/images/search?view=detailV2&ccid=33SObOko&id=301B261AE96E4A145E8379AA580A20F9E88FE9E6&thid=OIP.33SObOkoajirZPY6_5CEEQAAAA&mediaurl=https%3A%2F%2Ftse1-mm.cn.bing.net%2Fth%2Fid%2FR-C.df748e6ce9286a38ab64f63aff908411%3Frik%3D5umP6PkgCliqeQ%26riu%3Dhttp%253a%252f%252f47.104.235.181%252fgroup1%252fM00%252f13%252f4A%252frBBcJFrzqI2AKhbYAAAeOVKfJDs841.jpg%26ehk%3DktTl%252byvttEje7q7FPsbOS5snEhW5GjTenHuEPFSYXHA%253d%26risl%3D%26pid%3DImgRaw&exph=256&expw=192&q=%E7%AB%A0%E5%A3%AB%E9%92%8A&simid=608048123765875846&FORM=IRPRST&ck=CC88B7A16BE4EA438551ADAC8A8C7058&selectedIndex=0&qpvt=%E7%AB%A0%E5%A3%AB%E9%92%8A&ajaxhist=0&ajaxserp=0,1881,1973,1901年就读于两湖书院。1903年任上海《苏报》主笔，因鼓吹反清革命，酿成“苏报案”而遭通缉。1905年起先后留学日本、英国，曾入苏格兰大学学习政治经济学和逻辑学。1911年辛亥革命后归国，次年主持上海《民立报》。1913年参加“二次革命”，失败后亡命日本。翌年在东京创办《甲寅》杂志，并参与组织欧事研究会。1916年后参加护国战争、护法战争，曾任肇庆军务院和广东护法军政府秘书长。1919年参加南北和谈，为南方代表。1924年任段祺瑞执政府司法总长，次年兼任教育总长，曾参与镇压进步学生运动。1928年携眷赴欧洲。1930年回国后任东北大学文学院长。次年到上海任律师。1936年任华北冀察政务委员会委员兼法制委员会主任。抗战开始后转赴重庆，任国民参政员。1949年任南京政府代表团代表，赴北平参加国共和谈，后留居北平参加新中国建设。新中国成立后曾任全国人大常委、全国政协常委、中央文史馆馆长。1973年赴香港探亲，同年7月1日病逝于香港。著作主要有《逻辑指要》、《柳文指要》等。（来源：《中国近现代名人辞典》）,《章氏族谱八卷（湖南省长沙市）》《游泸草前集一卷》《入秦草一卷》《俞雪岺诗稿十二卷附录二卷残稿资料不分卷》
23,恽代英,湖北武昌人，祖籍江苏武进。字子毅,https://cn.bing.com/images/search?view=detailV2&ccid=r1I6apXA&id=5543E4C46C5A79D0B1C63FF59C751B914D0657A4&thid=OIP.r1I6apXAb7R8Wt7ciU4g3wAAAA&mediaurl=https%3A%2F%2Ftse1-mm.cn.bing.net%2Fth%2Fid%2FR-C.af523a6a95c06fb47c5adedc894e20df%3Frik%3DpFcGTZEbdZz1Pw%26riu%3Dhttp%253a%252f%252fp11.qhimg.com%252ft01586452618d5735d3.jpg%26ehk%3DMJm%252f767ZBLwC2bpNncHSpk16WAUFG1IDimxRwxAKwWA%253d%26risl%3D%26pid%3DImgRaw&exph=446&expw=312&q=%E6%81%BD%E4%BB%A3%E8%8B%B1&simid=608023414817509828&FORM=IRPRST&ck=3521C2162DE1B2FED73671538C468166&selectedIndex=2&ajaxhist=0&ajaxserp=0,1895,1931,1920年参与创办利群书社。1921年加入中国共产党。1923年和1925年在中国社会主义青年团第二、三次全国代表大会上，当选为团中央执行委员兼宣传部长和《中国青年》主编。1926年在国民党第二次全国代表大会上，当选为国民党中央执行委员。同年3月，任黄埔军官学校政治部主任教官。1927年3月在武汉参与主持国民党中央军事政治学校工作。4月参加中国共产党第五次全国代表大会，当选为中央委员。第一次国内革命战争失败后，参与领导南昌起义和广州起义。1928年后到上海，任中共中央宣传部、组织部秘书长。在中共六届二中全会上，被补选为中央委员。1929年后，任中共沪中区、沪东区行委书记。次年被捕。1931年4月，被国民党当局杀害于南京监狱。,《恽代英笔记》《恽代英笔记》《恽代英教育文选》政治学概论???政治学概要
24,胡适,安徽绩溪人。初名词糜，原名洪骍，字适之。,"https://bkimg.cdn.bcebos.com/pic/f703738da9773912b31bf98a5e539118367adbb4448f?x-bce-process=image/watermark,image_d2F0ZXIvYmFpa2U4MA==,g_7,xp_5,yp_5/format,f_auto",1891,1962,早年就学于上海中国公学。1910年赴美，先入康乃尔大学学农科，后转哥伦比亚大学专治哲学。为实用主义哲学家杜威的学生。从1916年起提倡文学改革。获博士学位后于1917年回国，在北京大学任教。曾参加编辑《新青年》，力倡新文学运动，成为当时新文化运动的代表人物。后主张考据的研究方法，在学术界极有影响。1922年宣扬“好人政府”的主张。后曾任北大文学院长。先后参与创办《每周评论》、《努力周报》。1932年创办《独立评论》。1938年出任驻美大使。1942年回国后任行政院高等顾问。抗日战争胜利后曾任北京大学校长。1949年移居美国。1962年2月24日在台北病逝。,《胡适文存》、《中国哲学史大纲》、《白话文学史》等。
25,蔡元培,浙江绍兴人。字鹤卿，号鹤庼，又字仲申、民友、子民，曾化名蔡振、周子余。清光绪进士。,"https://bkimg.cdn.bcebos.com/pic/f11f3a292df5e0fe99259bdf042a23a85edf8cb1d491?x-bce-process=image/watermark,image_d2F0ZXIvYmFpa2UyNzI=,g_7,xp_5,yp_5/format,f_auto",1868,1940,1892年授翰林院庶吉士。1894年补编修。甲午战争后，开始接触西学，同情维新派。戊戌变法后回绍兴，任中西学堂监督，提倡新学。1910年任爱国女校校长。1902年与章炳麟等创设中国教育会，任会长。同时以《晨报》为阵地，提倡民权，宣传排满革命。1904年与陶成章等成立光复会，任会长。次年加入同盟会。1907年留学德国。1911年武昌起义后回国。1912年任南京临时政府教育总长，主张采用西方教育制度，废止祀孔读经。1913年去法国。1915年与吴玉章等创办留法勤工俭学会。1916年回国。1917年任北京大学校长，实行“思想自由，兼容并包”的办学方针，宣传劳工神圣，支持新文化运动。五四运动时，同情学生爱国斗争，多方营救被捕学生，后被迫辞职。1924年，当选为国民党“一大”候补中央监察委员。1927年任南京国民政府大学院院长、中央研究院院长、监察院院长。1931年九一八事变后，主张抗日。次年与宋庆龄等发起成立中国民权保障同盟，任副主席。1937年上海沦陷，移居香港，赞成国共合作。1939年被推为国际反侵略大会中国分会名誉会长。1940年3月5日病逝于香港。,《蔡元培题芷湘先生传后》《蔡元培致林庚白信》《蔡元培致玉甫先生信》《《蔡元培言行录 全》签名本封面》《《国耻演讲集》签名本封面》《蔡元培赠林语堂条幅》《蔡元培题芷湘先生传后》《蔡元培为徐光启逝世三百周年题词|~|吾人不能忘徐文定介绍科学之功》《蔡元培致玉甫先生》《文变三卷》《蔡元培复胡适文等献寿函不分卷附原函》《二陈烈士碑铭不分卷》《妖怪学讲义录总论一卷》《哲学要领一卷》《最新官话识字教科书八册》《最新识字教科书八册》《文变三卷》《哲学要领一卷》《考异一卷》《考异一卷附广仓辑文一卷》
26,辜鸿铭,福建厦门人。名汤生，以字行。自号汉滨读易者。,"https://bkimg.cdn.bcebos.com/pic/35a85edf8db1cb1349547206d61a414e9258d109ddda?x-bce-process=image/watermark,image_d2F0ZXIvYmFpa2UyMjA=,g_7,xp_5,yp_5/format,f_auto",1857,1928,自幼留学英国，游历欧洲，精通多国文字。曾为张之洞、周馥幕僚，任清朝外务部左丞。辛亥革命后，为北京大学教授。,将《论语》、《中庸》等译成英文。汉译《痴汉骑马歌》。有《春秋大义》、《读易草堂文集》等。
